ST_NUM,ST_NAME,mapboxid
203,ST BOTOLPH ST,405404594
201,ST BOTOLPH ST,405404621
199,ST BOTOLPH ST,405404698
197,ST BOTOLPH ST,405404570
195,ST BOTOLPH ST,405404611
193,ST BOTOLPH ST,405404635
191,ST BOTOLPH ST,405404564
189,ST BOTOLPH ST,405404609
187,ST BOTOLPH ST,405404633
185,ST BOTOLPH ST,405404607
183,ST BOTOLPH ST,405404568
181,ST BOTOLPH ST,405404658
179,ST BOTOLPH ST,405404614
177,ST BOTOLPH ST,405404590
175,ST BOTOLPH ST,405404663
173,ST BOTOLPH ST,405404639
171,ST BOTOLPH ST,405404643
169,ST BOTOLPH ST,405404619
161,ST BOTOLPH ST,405404575
15,ST GERMAIN ST,9668799
17,ST GERMAIN ST,9668798
19,ST GERMAIN ST,9668797
21,ST GERMAIN ST,9668796
23,ST GERMAIN ST,9668795
25,ST GERMAIN ST,9668794
27,ST GERMAIN ST,9668793
29,ST GERMAIN ST,9668792
31,ST GERMAIN ST,9668791
33,ST GERMAIN ST,9668790
35,ST GERMAIN ST,9668789
37,ST GERMAIN ST,9668788
39,ST GERMAIN ST,9668787
41,ST GERMAIN ST,9668786
43,ST GERMAIN ST,9668785
45,ST GERMAIN ST,9668784
47,ST GERMAIN ST,9668783
49,ST GERMAIN ST,9668782
51,ST GERMAIN ST,9668781
53,ST GERMAIN ST,9668780
55,ST GERMAIN ST,9668779
57,ST GERMAIN ST,9668778
59,ST GERMAIN ST,9668777
61,ST GERMAIN ST,9668776
63,ST GERMAIN ST,9668775
65,ST GERMAIN ST,9668774
67,ST GERMAIN ST,9668773
8,ST GERMAIN ST,9668772
10,ST GERMAIN ST,9668771
12,ST GERMAIN ST,9668770
14,ST GERMAIN ST,9668769
16,ST GERMAIN ST,9668768
18,ST GERMAIN ST,9668767
20,ST GERMAIN ST,9668766
22,ST GERMAIN ST,9668765
24,ST GERMAIN ST,9668764
26,ST GERMAIN ST,9668763
28,ST GERMAIN ST,9668762
30,ST GERMAIN ST,9668761
32,ST GERMAIN ST,9668760
34,ST GERMAIN ST,9668759
36,ST GERMAIN ST,9668758
38,ST GERMAIN ST,9668757
40,ST GERMAIN ST,9668756
42,ST GERMAIN ST,9668755
44,ST GERMAIN ST,9668754
46,ST GERMAIN ST,9668753
48,ST GERMAIN ST,9668752
50,ST GERMAIN ST,9668751
52,ST GERMAIN ST,9668750
54,ST GERMAIN ST,9668749
56,ST GERMAIN ST,9668748
58,ST GERMAIN ST,15666798
60,ST GERMAIN ST,15666797